{"batch_idx": 234, "loss": 0.5788152813911438, "_timestamp": 1661921161.7083147, "_runtime": 122.17000269889832, "_step": 55, "rd": 4, "accuracy": 0.9651}